metric,full_89_features,ablation_72_features,difference_ablation_minus_full
ROC_AUC,0.8049967272600176,0.7120350246726466,-0.09296170258737102
Average_Precision,0.1951498687252422,0.04050474541640736,-0.15464512330883484
Brier_calibrated,0.012653331631890028,0.015518196698029434,0.002864865066139406
Brier_raw_diagnostic,0.014775961470934839,0.03319991932010708,0.018423957849172244
LogLoss_calibrated,0.06772024083797183,0.08439281942720722,0.01667257858923539
ECE_10_bin,0.01989534945177334,0.0301766209345267,0.01028127148275336
Precision,0.8888888888888888,0.0,-0.8888888888888888
Recall,0.0427807486631016,0.0,-0.0427807486631016
F1,0.08163265306122448,0.0,-0.08163265306122448
