configuration,config_id,short_window,long_window,absolute_log_shift,min_alarm_gap,total_alarms,test_alarms,test_threshold_resets,test_intervals,under_provisioned_percent,mean_shortage,p95_shortage,shortfall_cvar95,mean_unused_capacity,mean_provisioned_capacity,reserve_activation_rate,total_provisioned_capacity,total_shortage,total_unused_capacity,delta_under_provisioned_percent,delta_mean_shortage,delta_p95_shortage,delta_cvar95_shortage,delta_mean_unused_capacity,delta_mean_provisioned_capacity,delta_reserve_activation_rate
baseline,41,12,276,0.1,288,27,2,2,2589,56.46967941290073,20029.216646572375,113332.91369897804,167672.3412847221,4839.574485580001,21400.242736651504,0.19312475859405176,55405228.44519074,51855641.89797588,12529658.343166623,0.0,0.0,0.0,0.0,0.0,0.0,0.0
short_6,14,6,276,0.1,288,29,3,3,2589,56.46967941290073,20029.216646572375,113332.91369897804,167672.3412847221,4839.574485580001,21400.242736651504,0.19312475859405176,55405228.44519074,51855641.89797588,12529658.343166623,0.0,0.0,0.0,0.0,0.0,0.0,0.0
short_24,68,24,276,0.1,288,29,3,3,2589,56.46967941290073,20029.216646572375,113332.91369897804,167672.3412847221,4839.574485580001,21400.242736651504,0.19312475859405176,55405228.44519074,51855641.89797588,12529658.343166623,0.0,0.0,0.0,0.0,0.0,0.0,0.0
long_144,32,12,144,0.1,288,33,3,3,2589,56.46967941290073,20029.216646572375,113332.91369897804,167672.3412847221,4839.574485580001,21400.242736651504,0.19312475859405176,55405228.44519074,51855641.89797588,12529658.343166623,0.0,0.0,0.0,0.0,0.0,0.0,0.0
long_432,50,12,432,0.1,288,29,4,4,2589,56.46967941290073,20029.216646572375,113332.91369897804,167672.3412847221,4839.574485580001,21400.242736651504,0.19312475859405176,55405228.44519074,51855641.89797588,12529658.343166623,0.0,0.0,0.0,0.0,0.0,0.0,0.0
shift_0.05,38,12,276,0.05,288,27,2,2,2589,56.46967941290073,20029.216646572375,113332.91369897804,167672.3412847221,4839.574485580001,21400.242736651504,0.19312475859405176,55405228.44519074,51855641.89797588,12529658.343166623,0.0,0.0,0.0,0.0,0.0,0.0,0.0
shift_0.20,44,12,276,0.2,288,27,2,2,2589,56.46967941290073,20029.216646572375,113332.91369897804,167672.3412847221,4839.574485580001,21400.242736651504,0.19312475859405176,55405228.44519074,51855641.89797588,12529658.343166623,0.0,0.0,0.0,0.0,0.0,0.0,0.0
gap_144,40,12,276,0.1,144,30,2,2,2589,56.46967941290073,20029.216646572375,113332.91369897804,167672.3412847221,4839.574485580001,21400.242736651504,0.19312475859405176,55405228.44519074,51855641.89797588,12529658.343166623,0.0,0.0,0.0,0.0,0.0,0.0,0.0
gap_576,42,12,276,0.1,576,18,2,2,2589,56.46967941290073,20029.216646572375,113332.91369897804,167672.3412847221,4839.574485580001,21400.242736651504,0.19312475859405176,55405228.44519074,51855641.89797588,12529658.343166623,0.0,0.0,0.0,0.0,0.0,0.0,0.0
