config_id,is_baseline,short_window,long_window,absolute_log_shift,min_alarm_gap,threshold_quantile,derived_threshold,total_alarms,training_alarms,calibration_alarms,test_alarms,minimum_observed_alarm_gap,baseline_match_rate,candidate_match_rate,matched_alarm_count
1,False,6,144,0.05,144,0.95,6.512206878884781,42,31,6,5,216,0.3333333333333333,0.21428571428571427,9
2,False,6,144,0.05,288,0.95,6.512206878884781,39,28,6,5,288,0.37037037037037035,0.2564102564102564,10
3,False,6,144,0.05,576,0.95,6.512206878884781,24,17,4,3,576,0.14814814814814814,0.16666666666666666,4
4,False,6,144,0.1,144,0.95,6.512206878884781,42,31,6,5,216,0.3333333333333333,0.21428571428571427,9
5,False,6,144,0.1,288,0.95,6.512206878884781,39,28,6,5,288,0.37037037037037035,0.2564102564102564,10
6,False,6,144,0.1,576,0.95,6.512206878884781,24,17,4,3,576,0.14814814814814814,0.16666666666666666,4
7,False,6,144,0.2,144,0.95,6.512206878884781,42,31,6,5,216,0.3333333333333333,0.21428571428571427,9
8,False,6,144,0.2,288,0.95,6.512206878884781,39,28,6,5,288,0.37037037037037035,0.2564102564102564,10
9,False,6,144,0.2,576,0.95,6.512206878884781,24,17,4,3,576,0.14814814814814814,0.16666666666666666,4
10,False,6,276,0.05,144,0.95,5.205772840693012,33,25,5,3,215,0.6296296296296297,0.5151515151515151,17
11,False,6,276,0.05,288,0.95,5.205772840693012,29,22,4,3,288,0.8148148148148148,0.7586206896551724,22
12,False,6,276,0.05,576,0.95,5.205772840693012,20,14,3,3,576,0.4444444444444444,0.6,12
13,False,6,276,0.1,144,0.95,5.205772840693012,33,25,5,3,215,0.6296296296296297,0.5151515151515151,17
14,False,6,276,0.1,288,0.95,5.205772840693012,29,22,4,3,288,0.8148148148148148,0.7586206896551724,22
15,False,6,276,0.1,576,0.95,5.205772840693012,20,14,3,3,576,0.4444444444444444,0.6,12
16,False,6,276,0.2,144,0.95,5.205772840693012,33,25,5,3,215,0.6296296296296297,0.5151515151515151,17
17,False,6,276,0.2,288,0.95,5.205772840693012,29,22,4,3,288,0.8148148148148148,0.7586206896551724,22
18,False,6,276,0.2,576,0.95,5.205772840693012,20,14,3,3,576,0.4444444444444444,0.6,12
19,False,6,432,0.05,144,0.95,4.700599090197344,39,31,3,5,214,0.48148148148148145,0.3333333333333333,13
20,False,6,432,0.05,288,0.95,4.700599090197344,35,27,3,5,288,0.5925925925925926,0.45714285714285713,16
21,False,6,432,0.05,576,0.95,4.700599090197344,21,17,2,2,576,0.4074074074074074,0.5238095238095238,11
22,False,6,432,0.1,144,0.95,4.700599090197344,39,31,3,5,214,0.48148148148148145,0.3333333333333333,13
23,False,6,432,0.1,288,0.95,4.700599090197344,35,27,3,5,288,0.5925925925925926,0.45714285714285713,16
24,False,6,432,0.1,576,0.95,4.700599090197344,21,17,2,2,576,0.4074074074074074,0.5238095238095238,11
25,False,6,432,0.2,144,0.95,4.700599090197344,39,31,3,5,214,0.48148148148148145,0.3333333333333333,13
26,False,6,432,0.2,288,0.95,4.700599090197344,35,27,3,5,288,0.5925925925925926,0.45714285714285713,16
27,False,6,432,0.2,576,0.95,4.700599090197344,21,17,2,2,576,0.4074074074074074,0.5238095238095238,11
28,False,12,144,0.05,144,0.95,6.691167263501854,36,29,4,3,217,0.37037037037037035,0.2777777777777778,10
29,False,12,144,0.05,288,0.95,6.691167263501854,33,26,4,3,288,0.4074074074074074,0.3333333333333333,11
30,False,12,144,0.05,576,0.95,6.691167263501854,21,16,3,2,576,0.1111111111111111,0.14285714285714285,3
31,False,12,144,0.1,144,0.95,6.691167263501854,36,29,4,3,217,0.37037037037037035,0.2777777777777778,10
32,False,12,144,0.1,288,0.95,6.691167263501854,33,26,4,3,288,0.4074074074074074,0.3333333333333333,11
33,False,12,144,0.1,576,0.95,6.691167263501854,21,16,3,2,576,0.1111111111111111,0.14285714285714285,3
34,False,12,144,0.2,144,0.95,6.691167263501854,36,29,4,3,217,0.37037037037037035,0.2777777777777778,10
35,False,12,144,0.2,288,0.95,6.691167263501854,33,26,4,3,288,0.4074074074074074,0.3333333333333333,11
36,False,12,144,0.2,576,0.95,6.691167263501854,21,16,3,2,576,0.1111111111111111,0.14285714285714285,3
37,False,12,276,0.05,144,0.95,5.088177384409308,30,25,3,2,215,0.8518518518518519,0.7666666666666667,23
38,False,12,276,0.05,288,0.95,5.088177384409308,27,22,3,2,288,1.0,1.0,27
39,False,12,276,0.05,576,0.95,5.088177384409308,18,14,2,2,576,0.5925925925925926,0.8888888888888888,16
40,False,12,276,0.1,144,0.95,5.088177384409308,30,25,3,2,215,0.8518518518518519,0.7666666666666667,23
41,True,12,276,0.1,288,0.95,5.088177384409308,27,22,3,2,288,1.0,1.0,27
42,False,12,276,0.1,576,0.95,5.088177384409308,18,14,2,2,576,0.5925925925925926,0.8888888888888888,16
43,False,12,276,0.2,144,0.95,5.088177384409308,30,25,3,2,215,0.8518518518518519,0.7666666666666667,23
44,False,12,276,0.2,288,0.95,5.088177384409308,27,22,3,2,288,1.0,1.0,27
45,False,12,276,0.2,576,0.95,5.088177384409308,18,14,2,2,576,0.5925925925925926,0.8888888888888888,16
46,False,12,432,0.05,144,0.95,4.665488297972085,35,28,3,4,212,0.5925925925925926,0.45714285714285713,16
47,False,12,432,0.05,288,0.95,4.665488297972085,29,23,2,4,288,0.6666666666666666,0.6206896551724138,18
48,False,12,432,0.05,576,0.95,4.665488297972085,19,15,2,2,576,0.4074074074074074,0.5789473684210527,11
49,False,12,432,0.1,144,0.95,4.665488297972085,35,28,3,4,212,0.5925925925925926,0.45714285714285713,16
50,False,12,432,0.1,288,0.95,4.665488297972085,29,23,2,4,288,0.6666666666666666,0.6206896551724138,18
51,False,12,432,0.1,576,0.95,4.665488297972085,19,15,2,2,576,0.4074074074074074,0.5789473684210527,11
52,False,12,432,0.2,144,0.95,4.665488297972085,35,28,3,4,212,0.5925925925925926,0.45714285714285713,16
53,False,12,432,0.2,288,0.95,4.665488297972085,29,23,2,4,288,0.6666666666666666,0.6206896551724138,18
54,False,12,432,0.2,576,0.95,4.665488297972085,19,15,2,2,576,0.4074074074074074,0.5789473684210527,11
55,False,24,144,0.05,144,0.95,7.206335542054343,30,24,4,2,236,0.37037037037037035,0.3333333333333333,10
56,False,24,144,0.05,288,0.95,7.206335542054343,26,20,4,2,288,0.37037037037037035,0.38461538461538464,10
57,False,24,144,0.05,576,0.95,7.206335542054343,17,14,2,1,576,0.18518518518518517,0.29411764705882354,5
58,False,24,144,0.1,144,0.95,7.206335542054343,30,24,4,2,236,0.37037037037037035,0.3333333333333333,10
59,False,24,144,0.1,288,0.95,7.206335542054343,26,20,4,2,288,0.37037037037037035,0.38461538461538464,10
60,False,24,144,0.1,576,0.95,7.206335542054343,17,14,2,1,576,0.18518518518518517,0.29411764705882354,5
61,False,24,144,0.2,144,0.95,7.206335542054343,30,24,4,2,236,0.37037037037037035,0.3333333333333333,10
62,False,24,144,0.2,288,0.95,7.206335542054343,26,20,4,2,288,0.37037037037037035,0.38461538461538464,10
63,False,24,144,0.2,576,0.95,7.206335542054343,17,14,2,1,576,0.18518518518518517,0.29411764705882354,5
64,False,24,276,0.05,144,0.95,4.772990391873051,31,24,4,3,249,0.7407407407407407,0.6451612903225806,20
65,False,24,276,0.05,288,0.95,4.772990391873051,29,22,4,3,288,0.7037037037037037,0.6551724137931034,19
66,False,24,276,0.05,576,0.95,4.772990391873051,20,15,3,2,576,0.4074074074074074,0.55,11
67,False,24,276,0.1,144,0.95,4.772990391873051,31,24,4,3,249,0.7407407407407407,0.6451612903225806,20
68,False,24,276,0.1,288,0.95,4.772990391873051,29,22,4,3,288,0.7037037037037037,0.6551724137931034,19
69,False,24,276,0.1,576,0.95,4.772990391873051,20,15,3,2,576,0.4074074074074074,0.55,11
70,False,24,276,0.2,144,0.95,4.772990391873051,31,24,4,3,249,0.7407407407407407,0.6451612903225806,20
71,False,24,276,0.2,288,0.95,4.772990391873051,29,22,4,3,288,0.7037037037037037,0.6551724137931034,19
72,False,24,276,0.2,576,0.95,4.772990391873051,20,15,3,2,576,0.4074074074074074,0.55,11
73,False,24,432,0.05,144,0.95,4.7857293480912055,30,25,2,3,254,0.5925925925925926,0.5333333333333333,16
74,False,24,432,0.05,288,0.95,4.7857293480912055,28,24,2,2,288,0.6296296296296297,0.6071428571428571,17
75,False,24,432,0.05,576,0.95,4.7857293480912055,18,15,2,1,576,0.4444444444444444,0.6666666666666666,12
76,False,24,432,0.1,144,0.95,4.7857293480912055,30,25,2,3,254,0.5925925925925926,0.5333333333333333,16
77,False,24,432,0.1,288,0.95,4.7857293480912055,28,24,2,2,288,0.6296296296296297,0.6071428571428571,17
78,False,24,432,0.1,576,0.95,4.7857293480912055,18,15,2,1,576,0.4444444444444444,0.6666666666666666,12
79,False,24,432,0.2,144,0.95,4.7857293480912055,30,25,2,3,254,0.5925925925925926,0.5333333333333333,16
80,False,24,432,0.2,288,0.95,4.7857293480912055,28,24,2,2,288,0.6296296296296297,0.6071428571428571,17
81,False,24,432,0.2,576,0.95,4.7857293480912055,18,15,2,1,576,0.4444444444444444,0.6666666666666666,12
